"Døde efter køn, alder og tid"

" "," ","1975","1976","1977","1978","1979","1980","1981","1982","1983","1984","1985","1986","1987","1988","1989","1990","1991","1992","1993","1994","1995","1996","1997","1998","1999","2000","2001","2002","2003","2004","2005","2006","2007","2008","2009","2010","2011","2012","2013","2014","2015","2016","2017","2018","2019","2020","2021","2022","2023"
"Mænd"
" ","Alder i alt",27768,29249,27524,28687,29709,30193,30364,29482,30321,30101,30533,30254,30222,30308,30449,31170,30085,30542,31273,30536,31267,30388,29526,28989,28806,28271,28411,28321,28146,27497,26805,27197,27045,26851,26937,26762,25939,25911,26111,25694,26283,26416,26870,27992,27455,27995,29169,30369,30125
" ","0 år",435,405,332,312,319,274,238,257,230,243,245,249,290,248,288,278,268,261,210,219,200,219,188,161,170,209,164,159,165,153,167,141,150,147,103,118,107,102,95,134,116,114,133,130,107,109,102,103,107
" ","1 år",46,32,26,32,39,26,27,15,26,13,21,16,25,20,20,25,23,20,11,22,21,24,20,24,12,12,11,16,14,10,9,13,13,11,9,9,12,3,12,8,2,11,11,6,5,8,6,4,6
" ","2 år",24,29,16,15,18,21,16,19,7,13,9,12,13,15,21,15,14,8,8,12,9,7,14,13,12,5,12,8,15,5,3,4,6,10,2,7,4,7,10,3,1,3,3,8,5,6,4,2,4
" ","3 år",18,27,19,17,13,19,12,8,13,11,10,6,11,7,13,11,13,11,8,8,10,8,10,10,3,7,8,6,4,7,9,4,4,8,1,4,5,1,4,4,2,4,6,0,1,4,4,6,3
" ","4 år",13,17,15,9,11,7,12,12,14,12,7,6,7,4,6,8,8,5,9,7,13,7,5,9,8,6,3,3,9,5,7,3,6,3,4,2,2,6,3,2,5,3,3,3,4,0,3,0,2
" ","5 år",13,16,13,10,19,9,11,5,6,7,10,5,6,7,5,12,4,5,8,4,3,4,8,6,6,9,5,3,3,3,3,5,1,4,1,2,4,1,2,4,4,3,1,3,3,3,1,1,1
" ","6 år",24,13,14,6,13,12,13,9,7,6,5,5,7,8,5,4,9,5,8,7,6,8,9,3,6,5,5,5,6,1,3,1,7,0,3,1,1,6,2,0,4,4,2,1,1,6,5,2,2
" ","7 år",18,14,12,12,7,6,13,15,12,6,11,2,2,8,5,7,7,8,4,4,7,4,3,6,7,1,9,3,4,6,3,7,3,6,3,3,1,3,1,2,1,0,3,0,3,1,4,2,1
" ","8 år",19,8,12,14,13,14,15,13,7,8,15,7,7,9,5,9,7,7,4,10,6,6,6,4,3,5,5,5,1,3,6,4,4,4,2,4,3,1,2,0,2,4,2,5,0,5,3,1,2
" ","9 år",21,18,13,14,13,10,15,7,13,5,17,10,9,4,6,7,10,5,5,4,5,4,4,8,4,3,6,6,5,7,6,3,1,2,1,2,2,8,1,3,2,2,1,3,2,0,2,2,1
" ","10 år",21,13,12,13,12,11,4,10,8,7,16,7,7,10,5,3,5,5,3,2,7,2,7,1,1,5,7,3,7,4,3,4,2,4,1,0,2,1,2,1,2,4,2,4,4,5,1,1,0
" ","11 år",17,11,14,19,8,2,7,7,9,5,10,17,5,9,4,8,7,6,5,3,2,5,6,7,6,4,5,2,6,8,3,6,3,2,3,2,4,3,4,3,5,0,3,2,3,4,1,4,1
" ","12 år",15,9,14,14,15,4,8,9,5,7,13,8,4,4,5,7,9,5,4,4,4,6,4,4,6,4,3,5,5,8,5,2,2,2,6,1,3,1,3,5,2,0,3,1,2,2,6,1,1
" ","13 år",16,14,13,14,17,16,9,17,6,15,15,13,10,6,8,13,6,15,6,8,6,6,6,4,9,7,9,5,2,9,2,7,4,12,3,3,4,3,3,4,4,3,4,1,2,1,2,5,3
" ","14 år",14,17,15,17,17,17,24,8,12,10,12,14,10,8,12,12,9,5,14,3,9,12,9,3,9,7,9,6,9,8,5,7,11,5,4,6,4,3,4,0,0,4,2,5,5,6,2,2,6
" ","15 år",26,19,19,19,27,23,20,18,18,13,20,9,20,10,10,9,5,8,22,8,11,11,11,11,6,8,8,14,5,8,8,7,7,1,5,3,3,5,8,1,6,1,9,8,2,7,4,3,5
" ","16 år",25,36,28,23,25,34,29,24,24,34,22,31,21,20,13,15,19,20,17,8,11,12,13,22,5,15,14,11,9,14,16,10,17,11,14,5,7,11,9,8,5,8,8,11,8,3,1,5,3
" ","17 år",37,44,30,26,36,26,27,22,35,32,26,29,26,22,22,22,20,20,20,22,18,17,9,11,19,22,15,17,18,9,15,17,19,11,14,12,15,4,6,7,4,3,6,8,12,9,7,6,8
" ","18 år",38,47,51,56,53,48,43,45,50,45,44,29,33,34,34,30,31,29,23,28,35,27,34,34,30,22,22,25,21,27,26,20,23,30,20,21,11,16,16,11,9,9,13,15,13,10,10,7,11
" ","19 år",43,50,49,53,49,48,53,46,40,43,55,42,44,46,37,27,33,37,34,30,42,27,31,15,27,26,21,24,23,15,19,21,16,25,15,18,19,14,16,14,14,7,10,15,16,6,16,17,14
" ","20 år",46,48,46,45,57,45,42,55,44,38,44,53,48,43,32,29,40,34,37,37,25,44,18,30,34,26,23,26,17,20,20,25,19,23,15,26,20,17,10,12,14,16,14,16,13,10,12,20,8
" ","21 år",55,36,39,52,46,37,46,44,51,50,33,54,65,45,36,38,42,32,32,32,34,33,28,24,30,36,24,15,13,25,18,28,30,24,13,18,10,17,11,14,23,17,17,10,19,14,16,11,12
" ","22 år",40,45,56,51,49,44,39,43,35,37,48,44,37,56,40,27,39,40,26,27,40,28,26,12,24,30,24,24,23,18,16,23,20,27,26,19,21,13,16,15,14,9,22,8,9,20,16,15,10
" ","23 år",52,31,44,48,44,55,49,40,53,43,46,39,47,40,44,39,33,29,30,38,30,33,29,19,28,22,22,32,23,24,16,19,20,30,21,13,20,18,9,15,12,26,19,15,25,16,23,18,12
" ","24 år",41,41,46,38,49,55,55,45,30,43,49,46,47,42,45,54,36,40,29,42,36,30,47,27,34,37,18,28,33,28,24,23,16,33,18,18,19,21,16,15,27,20,20,11,14,22,19,16,10
" ","25 år",50,53,46,37,42,48,53,45,36,49,59,35,36,41,44,49,44,46,36,33,44,25,36,33,47,26,26,31,26,25,23,17,18,10,27,20,17,18,13,13,19,22,16,19,19,21,16,16,18
" ","26 år",45,52,40,42,44,58,51,51,40,47,55,39,40,51,49,55,59,36,38,48,41,30,35,31,44,29,20,30,22,18,29,29,20,23,23,30,17,12,21,17,10,23,16,24,13,21,13,17,22
" ","27 år",60,47,27,38,51,48,51,46,47,41,45,43,42,61,38,48,39,43,42,46,65,35,37,39,31,33,39,26,32,25,29,19,19,19,25,15,15,11,18,16,18,19,14,18,19,22,16,19,19
" ","28 år",48,43,37,42,42,56,55,49,42,46,49,40,51,39,45,28,52,45,47,45,45,35,35,39,40,28,37,29,23,33,30,21,30,26,22,16,12,15,13,26,20,15,17,19,19,27,15,20,12
" ","29 år",41,46,55,46,54,57,50,61,46,44,56,44,58,65,46,42,41,53,50,46,60,46,34,36,34,38,33,28,32,23,32,19,29,24,21,20,19,19,8,17,18,18,25,16,21,21,17,13,21
" ","30 år",46,36,59,56,50,57,61,55,64,61,49,58,40,40,54,51,54,48,52,48,58,53,49,29,41,40,32,38,34,34,28,26,23,22,27,21,33,16,18,24,16,20,22,18,15,19,13,24,27
" ","31 år",50,37,47,44,48,53,65,54,65,59,51,49,68,53,52,52,60,60,56,57,49,49,55,48,45,28,36,42,37,37,28,35,36,34,24,17,20,17,13,23,14,20,16,22,21,25,21,28,18
" ","32 år",41,60,58,49,53,57,49,69,56,63,59,54,73,65,62,56,64,46,66,48,56,67,72,62,43,41,26,38,29,40,36,35,34,22,27,28,25,17,20,17,15,23,20,24,13,17,14,24,27
" ","33 år",43,43,50,50,62,57,67,55,61,53,59,88,62,53,54,56,55,67,52,69,73,61,51,56,50,48,44,46,45,49,35,33,32,48,31,26,27,19,17,20,20,18,19,23,26,10,20,22,29
" ","34 år",36,39,44,51,64,71,54,76,81,59,59,71,74,64,81,65,60,62,64,70,54,63,55,53,53,47,58,50,37,40,37,39,38,37,40,25,29,23,29,31,17,18,24,27,24,17,22,19,25
" ","35 år",56,43,54,65,67,75,87,55,68,75,58,81,68,73,73,68,61,47,80,58,62,68,61,60,60,46,68,56,55,46,32,36,32,37,31,30,45,29,25,30,24,28,22,28,19,38,24,20,31
" ","36 år",43,67,48,53,69,67,69,75,71,96,53,76,69,62,82,56,66,71,79,65,60,78,52,56,43,63,47,58,68,48,41,49,49,52,41,34,38,38,36,35,30,29,22,23,32,28,20,28,30
" ","37 år",60,58,62,57,60,90,75,78,90,82,88,81,76,78,85,87,78,86,73,86,79,60,58,56,57,59,75,60,54,76,43,49,43,39,45,47,38,41,36,30,27,41,16,26,23,31,28,26,31
" ","38 år",64,61,71,43,68,80,81,76,113,83,81,106,75,93,83,76,90,71,96,83,73,73,74,63,72,56,65,60,55,84,56,54,47,29,63,49,39,27,40,32,23,25,30,28,30,32,30,35,33
" ","39 år",58,76,53,71,78,73,72,75,87,92,107,101,90,90,86,78,88,94,98,109,100,78,94,96,57,75,82,99,72,63,55,75,68,59,57,53,60,47,37,42,41,31,43,31,32,28,30,35,27
" ","40 år",65,75,77,66,77,86,75,79,75,95,108,105,120,88,105,100,90,89,105,105,109,107,107,87,75,97,69,87,78,79,83,74,61,57,52,63,52,54,46,50,53,50,29,40,23,29,36,25,34
" ","41 år",80,70,73,79,94,67,86,80,96,91,93,103,104,109,111,121,102,116,118,135,101,114,105,84,75,87,77,83,86,82,79,90,88,75,65,56,45,58,48,38,51,44,49,42,38,38,32,44,38
" ","42 år",88,91,80,91,74,100,82,91,88,97,104,107,131,134,128,127,120,114,95,115,128,119,98,100,89,89,89,84,83,85,58,98,103,86,92,68,67,57,66,58,38,50,49,46,37,43,44,50,37
" ","43 år",83,90,95,96,92,94,94,94,100,99,98,122,140,135,147,150,106,129,109,113,113,139,122,120,91,101,95,98,93,100,81,79,99,89,101,78,66,52,59,61,59,46,51,56,45,44,43,72,34
" ","44 år",97,100,97,101,84,104,104,96,115,116,98,113,125,134,164,154,149,131,118,137,102,120,135,137,133,110,101,117,121,108,101,103,107,92,82,103,99,81,71,77,64,76,48,58,59,65,41,53,68
" ","45 år",92,108,92,115,94,113,106,109,125,101,120,115,128,132,157,154,144,140,152,135,127,128,114,126,130,95,139,122,132,123,110,106,114,103,90,111,100,97,81,81,79,66,66,61,66,62,59,56,69
" ","46 år",128,118,126,116,129,134,123,125,123,125,140,119,113,128,143,161,178,167,146,163,146,144,122,146,129,154,143,135,132,111,120,122,124,113,102,122,114,97,117,100,84,82,83,65,70,60,73,79,50
" ","47 år",130,153,127,131,132,116,153,132,137,149,154,145,115,139,162,161,181,213,202,162,157,164,158,151,148,149,139,120,139,142,109,123,106,114,119,102,121,102,102,108,100,107,79,87,76,76,74,63,59
" ","48 år",142,141,145,127,138,133,154,142,164,145,140,159,163,157,148,179,193,167,206,206,203,175,155,174,162,172,175,155,164,157,160,149,129,143,133,126,122,131,102,99,113,99,107,100,105,85,80,95,84
" ","49 år",146,158,155,166,149,155,151,188,184,130,149,180,168,136,170,167,160,181,206,217,215,207,232,164,184,176,146,157,182,165,166,167,188,175,137,146,133,147,155,126,127,117,118,92,92,97,105,93,91
" ","50 år",197,208,168,179,168,167,176,156,178,158,164,181,183,184,181,216,204,186,225,241,230,238,218,211,180,191,201,219,198,178,178,194,190,172,150,170,152,154,140,147,143,166,101,136,125,85,106,102,110
" ","51 år",199,227,199,191,214,203,179,211,186,214,191,172,188,192,199,183,187,195,184,224,220,240,212,236,229,227,179,194,203,206,204,180,204,181,180,167,156,138,171,147,190,141,152,137,134,135,114,107,120
" ","52 år",243,220,245,203,223,215,218,233,212,212,220,203,191,226,216,188,207,187,204,236,222,233,287,266,244,209,223,216,216,223,208,257,241,204,209,200,186,171,161,158,152,135,171,155,145,123,110,126,108
" ","53 år",306,266,251,241,248,246,221,229,232,214,239,219,240,210,228,226,206,211,212,210,211,284,251,280,274,227,255,252,232,232,238,229,234,214,228,232,195,201,197,187,179,148,159,173,154,161,133,144,136
" ","54 år",280,353,274,256,265,259,268,250,237,274,252,250,270,260,253,255,231,246,232,245,241,278,250,276,311,275,292,296,248,260,215,255,271,239,228,256,200,206,209,193,195,187,202,189,176,186,174,163,156
" ","55 år",293,347,301,289,326,298,299,302,321,267,256,277,288,267,261,295,264,241,264,261,271,260,284,264,311,355,330,278,273,273,259,252,246,248,284,273,237,233,218,209,190,216,204,204,187,209,188,181,178
" ","56 år",362,345,326,330,322,332,298,304,315,282,320,299,281,318,285,281,292,239,268,268,260,269,275,295,317,312,355,338,318,312,285,302,312,271,286,282,262,275,237,252,228,241,215,205,215,205,203,227,208
" ","57 år",325,356,384,395,409,372,344,363,326,337,345,331,356,293,329,332,304,317,270,271,314,298,286,262,314,320,364,374,391,340,294,301,302,252,271,290,275,282,280,250,228,288,248,250,234,210,240,240,227
" ","58 år",360,366,364,426,431,405,443,362,369,357,363,360,360,308,357,341,322,328,335,319,323,347,303,311,309,350,360,388,436,390,364,333,356,321,320,287,302,286,270,288,286,263,258,258,257,239,236,249,252
" ","59 år",370,416,405,393,479,479,455,454,414,447,405,400,391,377,371,343,337,378,356,355,356,350,325,328,334,367,368,399,390,390,417,443,368,326,345,356,311,298,328,280,282,282,269,302,269,269,285,261,296
" ","60 år",462,450,426,450,434,526,533,445,431,483,451,432,466,416,420,369,386,417,350,374,396,384,391,381,355,332,321,367,388,457,413,456,417,415,389,344,317,319,345,317,360,336,303,296,279,264,315,279,311
" ","61 år",500,502,450,531,502,479,520,537,491,477,514,485,456,479,431,448,374,443,431,439,422,381,385,374,350,371,391,377,389,424,441,473,506,456,451,408,353,370,368,366,349,336,347,321,355,287,313,334,303
" ","62 år",519,560,529,508,520,544,526,515,599,560,482,515,523,481,483,451,435,439,467,428,444,431,400,424,393,379,379,381,414,411,430,520,515,513,489,464,403,386,374,389,386,333,365,388,363,330,351,331,341
" ","63 år",589,627,560,541,537,593,601,536,654,613,592,543,593,518,561,514,483,446,450,475,474,442,437,469,416,414,388,419,453,451,429,469,487,516,523,516,455,413,407,410,377,410,383,389,379,392,373,360,410
" ","64 år",595,633,592,578,579,594,611,603,641,656,679,643,594,586,551,566,541,532,501,515,527,486,452,492,448,434,436,448,446,446,413,490,494,536,595,523,522,443,453,451,428,448,412,401,445,390,402,397,362
" ","65 år",708,663,615,657,640,638,636,609,667,620,694,732,679,658,629,621,520,551,571,520,562,588,497,485,488,462,446,432,463,462,453,450,498,562,553,571,562,543,502,458,455,464,420,428,458,438,479,429,375
" ","66 år",734,756,716,760,679,746,669,654,702,639,714,735,683,723,641,611,605,645,667,586,550,540,539,557,486,482,485,500,459,470,500,498,494,537,517,570,620,629,592,523,495,500,475,456,497,490,461,538,490
" ","67 år",702,764,721,772,746,740,736,680,735,744,756,662,754,795,736,724,700,646,677,679,668,638,599,577,573,542,534,538,515,475,525,485,473,510,550,566,588,605,637,589,550,541,490,499,538,511,477,533,511
" ","68 år",715,793,783,825,808,862,845,785,744,717,756,732,697,742,810,756,712,706,707,674,662,648,619,635,614,572,585,532,578,547,518,518,528,578,510,540,604,607,640,685,622,612,531,595,558,532,557,514,516
" ","69 år",783,819,802,869,872,820,863,803,852,783,729,740,776,758,801,865,809,803,769,779,769,714,704,652,604,628,612,625,572,537,561,548,561,510,547,540,533,644,630,670,678,628,641,631,624,585,559,601,602
" ","70 år",787,861,866,902,913,976,898,861,855,886,859,811,787,761,781,878,868,830,814,804,825,729,727,648,688,632,645,601,584,584,526,598,574,582,603,560,563,608,682,734,702,721,736,711,612,654,604,659,667
" ","71 år",812,893,904,877,948,901,1007,920,902,901,878,876,829,852,836,883,894,930,874,806,841,828,750,719,696,709,693,681,612,639,559,607,613,642,567,622,612,581,591,626,765,771,761,707,702,653,674,670,633
" ","72 år",862,875,876,908,903,976,975,954,927,940,886,924,933,853,849,939,829,912,950,886,936,861,860,768,716,767,703,654,684,642,625,641,636,628,620,653,626,624,608,628,675,764,812,733,794,736,744,702,716
" ","73 år",868,854,881,897,919,956,971,1023,1008,963,1012,1014,887,912,917,882,933,888,1012,931,948,918,892,812,848,752,781,774,753,702,675,698,643,643,642,743,663,673,672,643,704,720,802,874,863,832,855,810,750
" ","74 år",920,909,891,940,956,1007,963,967,1048,1025,1041,1007,1029,896,868,934,933,923,939,1050,1049,954,895,889,848,762,773,790,757,686,738,686,682,655,696,679,628,638,637,678,713,689,809,916,863,904,1004,885,866
" ","75 år",834,931,901,937,944,988,985,979,1044,1057,1055,1032,999,1022,1040,968,959,942,1026,937,1041,985,941,988,879,901,851,791,796,787,726,766,743,663,739,716,680,702,671,692,653,739,763,876,927,976,980,1024,890
" ","76 år",882,914,851,954,999,941,1000,985,1023,1058,1034,1045,1035,1033,1061,1041,965,935,1031,959,1005,1051,1046,969,940,872,851,899,842,783,757,750,733,720,699,694,766,741,664,662,716,706,720,839,840,951,1043,1112,1086
" ","77 år",903,887,884,874,946,1020,997,948,1035,1030,1033,1120,1022,1029,1107,1113,1028,1027,985,969,990,992,976,960,972,951,938,919,887,853,836,830,749,787,757,710,773,721,739,763,769,723,805,803,852,931,1071,1114,1179
" ","78 år",813,919,793,876,915,964,1030,996,935,954,1018,1010,1013,1092,1046,1134,1043,1050,1102,942,965,1035,960,1005,1019,1009,962,896,956,858,846,864,829,803,812,823,750,762,767,726,768,791,784,831,786,872,987,1053,1160
" ","79 år",838,913,773,850,906,971,955,931,920,961,978,1012,958,1059,1068,1110,1004,1065,1030,1000,1067,984,929,949,1028,1037,1030,958,929,921,858,818,825,814,817,772,778,787,761,755,807,786,799,854,887,854,950,1148,1180
" ","80 år",809,849,752,879,866,900,950,931,930,882,970,934,953,1064,1011,996,1012,1031,1077,1008,1042,974,949,923,920,1004,1040,932,913,940,897,901,823,847,846,826,721,789,816,736,774,816,864,901,894,876,940,1073,1175
" ","81 år",776,816,751,776,834,841,892,819,901,918,913,898,879,949,923,1021,1078,979,1061,1004,1120,972,956,902,936,860,991,997,927,943,933,865,858,838,838,873,826,812,797,761,847,850,872,898,874,937,1021,1037,1105
" ","82 år",701,744,713,764,830,778,775,802,773,865,871,806,905,910,883,991,940,999,1024,1060,964,1040,938,932,909,890,920,1009,976,922,871,869,877,866,896,875,786,813,836,781,764,834,849,948,902,959,978,1077,1078
" ","83 år",614,719,650,761,819,766,780,770,748,766,778,791,827,835,829,921,836,920,980,979,994,903,898,918,887,841,863,886,1017,895,896,882,895,865,890,825,843,842,878,834,821,785,897,899,896,950,978,1075,1124
" ","84 år",642,706,592,689,733,679,737,688,721,707,715,746,768,753,763,827,809,791,882,926,881,910,953,873,868,844,856,845,784,898,882,840,865,844,895,832,802,808,858,752,814,810,806,935,896,891,960,1095,1022
" ","85 år",548,672,577,615,605,689,644,638,689,680,667,689,656,702,702,730,720,742,836,837,880,801,853,855,872,747,788,783,818,742,915,816,827,788,797,830,821,779,858,777,820,772,826,814,857,934,1001,1059,1029
" ","86 år",561,578,500,546,585,591,636,633,634,613,642,626,611,635,648,655,668,694,737,762,782,768,767,782,809,806,723,763,755,755,755,836,798,800,792,796,778,774,785,772,819,783,800,871,791,910,962,998,966
" ","87 år",460,504,488,484,504,508,515,518,578,549,591,505,547,591,563,628,579,675,676,672,723,693,705,665,719,753,749,689,674,698,647,647,767,721,760,757,731,770,718,746,741,798,826,844,787,873,936,905,968
" ","88 år",421,487,379,393,457,425,468,486,489,498,496,511,511,475,459,596,588,573,569,554,634,621,625,695,611,628,636,690,627,625,596,601,634,665,741,720,643,676,710,715,744,756,772,803,765,778,830,890,890
" ","89 år",348,383,361,336,409,421,399,369,442,412,415,432,442,437,507,482,463,548,548,489,533,539,524,518,589,548,626,599,656,566,561,564,559,602,620,624,651,584,659,696,717,663,635,793,700,762,774,870,830
" ","90 år",319,301,267,304,336,327,338,314,308,350,409,360,344,382,375,396,420,464,439,428,457,444,450,439,480,488,510,542,546,519,480,491,508,525,520,539,561,548,554,554,575,609,646,688,690,660,742,766,682
" ","91 år",213,260,273,232,283,287,267,261,303,289,321,310,303,303,348,319,312,347,347,353,367,378,368,373,380,425,437,431,470,456,405,436,393,463,486,447,530,522,494,474,545,554,578,600,575,614,574,643,610
" ","92 år",194,193,207,219,220,237,244,225,254,232,246,249,292,275,275,284,286,274,317,266,333,306,296,309,302,291,316,378,358,362,371,396,374,400,372,378,388,396,498,434,479,474,515,490,487,501,556,550,523
" ","93 år",149,148,157,171,192,164,217,163,173,189,182,171,199,225,228,217,211,220,232,247,243,214,246,211,243,255,277,263,289,282,303,304,300,300,321,296,301,310,326,384,401,371,429,446,421,433,446,458,490
" ","94 år",100,121,108,110,146,140,107,129,143,144,140,151,132,141,169,159,168,188,189,164,201,185,175,173,195,180,186,216,227,225,230,228,240,276,242,225,242,232,229,284,282,325,299,317,366,372,384,389,396
" ","95 år",85,88,81,87,83,120,95,104,88,119,115,111,113,125,124,143,119,147,154,142,118,136,137,132,152,150,141,143,151,162,204,169,187,202,161,204,180,210,199,182,248,249,231,253,240,282,315,295,285
" ","96 år",53,49,66,60,67,56,73,63,79,67,68,73,95,88,87,91,99,105,108,99,94,105,104,112,109,91,100,121,108,122,118,149,122,152,139,140,131,153,155,162,182,174,202,205,198,186,208,225,215
" ","97 år",35,30,36,35,36,53,45,41,45,45,58,52,61,69,61,63,63,79,84,68,67,74,81,70,70,85,69,72,80,80,87,85,85,89,103,102,107,120,114,122,109,129,139,169,130,151,139,160,174
" ","98 år",28,35,28,21,28,30,20,23,43,47,29,21,43,36,41,57,41,44,61,30,49,42,39,44,63,47,58,53,41,51,65,64,70,59,62,81,67,82,77,66,67,75,89,118,94,107,104,104,107
" ","99 år og derover",42,34,41,35,41,51,45,61,48,56,56,69,50,68,47,77,67,82,86,77,86,75,81,67,76,77,81,73,76,97,85,92,98,88,95,142,102,141,143,130,129,142,140,161,159,182,177,177,150
"Kvinder"
" ","Alder i alt",23127,24752,22961,24177,24945,25746,25995,25886,26835,27008,27845,27846,27914,28676,28948,29756,29496,30279,31536,30563,31860,30655,30372,29464,30373,29727,29944,30289,29428,28309,28157,28280,28559,27740,27935,27606,26577,26414,26360,25646,26272,26408,26391,27240,26503,26650,27983,29066,28259
" ","0 år",311,258,205,233,203,210,181,177,163,156,182,204,177,201,204,195,203,183,157,161,153,157,163,148,112,149,156,125,121,130,113,109,106,115,90,98,101,95,100,95,100,80,98,96,74,85,96,91,92
" ","1 år",24,20,29,16,26,20,21,16,20,21,11,24,20,23,22,13,23,10,18,18,15,19,13,18,9,16,17,16,7,17,8,4,10,8,11,6,5,8,7,5,2,9,3,7,5,0,8,4,3
" ","2 år",20,14,23,16,13,12,10,10,11,10,11,4,19,14,7,6,4,13,13,8,8,8,5,8,8,3,6,7,8,8,4,4,8,3,10,2,5,9,2,4,4,2,4,3,2,1,4,2,3
" ","3 år",12,12,10,10,18,7,9,6,6,6,9,9,7,5,6,8,2,9,10,9,6,7,2,3,7,5,8,10,5,3,5,5,1,1,5,2,4,1,3,3,1,1,4,1,2,1,2,2,3
" ","4 år",7,14,9,9,9,12,9,9,8,8,6,4,9,9,6,7,5,7,3,7,3,7,7,6,3,1,6,2,5,6,5,2,4,0,2,1,3,2,2,2,3,1,2,0,3,1,3,6,1
" ","5 år",18,9,13,9,8,7,14,5,3,3,10,3,4,3,7,4,3,3,4,4,6,5,2,5,2,3,2,2,2,3,2,3,2,2,2,0,5,1,3,1,3,3,1,1,4,2,1,2,0
" ","6 år",7,8,8,11,10,7,7,11,4,5,4,10,1,2,6,8,8,4,5,6,2,3,0,2,6,0,4,2,3,4,1,3,4,0,5,5,4,2,1,1,2,4,1,3,1,0,3,1,4
" ","7 år",19,7,8,11,4,5,8,7,7,4,7,4,3,2,6,7,4,2,2,4,6,3,3,1,3,1,6,1,3,2,2,3,3,3,4,2,2,1,3,1,1,1,2,3,3,2,2,1,2
" ","8 år",12,13,7,7,7,6,4,3,9,5,8,3,6,4,4,2,3,0,4,2,4,4,0,2,2,2,4,3,5,2,3,3,2,5,2,1,4,0,2,2,4,2,2,1,2,1,0,3,1
" ","9 år",19,7,5,8,6,4,13,2,11,4,3,6,6,5,2,3,6,5,4,8,2,3,1,5,2,4,5,2,2,3,1,2,1,1,1,1,4,2,3,0,1,6,0,1,2,1,0,1,1
" ","10 år",7,11,11,3,5,4,6,7,7,6,6,4,2,5,7,4,5,2,3,2,4,6,5,4,2,5,3,3,3,1,1,4,3,2,2,3,5,0,1,1,1,2,1,0,1,3,1,0,3
" ","11 år",11,8,5,5,1,7,6,4,4,8,7,6,7,6,5,6,1,4,3,5,3,6,4,4,2,3,3,3,4,2,1,2,4,5,3,5,2,2,2,2,3,1,2,1,1,3,2,3,3
" ","12 år",8,6,5,4,6,6,6,8,8,11,7,1,2,3,2,12,2,5,6,3,3,3,0,4,5,4,6,4,4,4,2,2,0,3,1,2,5,3,1,2,1,1,1,1,3,2,3,3,0
" ","13 år",8,7,8,10,7,10,8,7,10,5,10,7,4,3,5,2,5,4,5,4,2,3,4,5,3,2,1,1,4,4,4,3,1,3,3,2,0,3,2,2,2,1,0,2,3,1,1,0,1
" ","14 år",11,14,14,7,11,7,15,8,12,6,7,7,4,8,3,6,7,2,8,2,6,5,3,4,5,3,5,6,4,4,4,4,8,3,3,2,1,2,1,3,5,3,2,2,2,2,3,2,3
" ","15 år",10,12,9,16,15,17,7,6,7,10,3,9,7,5,12,6,6,11,3,4,3,6,3,0,6,6,7,4,8,5,4,7,7,3,4,6,5,5,6,2,6,3,4,3,8,4,2,6,2
" ","16 år",9,7,9,19,20,19,13,13,9,12,16,7,15,15,6,12,11,7,4,9,5,6,7,5,3,7,4,10,3,7,4,7,7,7,4,7,4,2,4,4,5,5,4,3,1,5,2,3,2
" ","17 år",11,16,10,18,11,20,14,11,11,12,12,10,10,7,9,12,5,8,8,8,8,6,11,6,7,12,4,7,4,2,8,12,6,4,8,5,8,4,7,6,2,7,3,3,3,4,3,5,1
" ","18 år",13,12,13,13,17,15,16,21,13,15,15,18,10,14,13,13,10,14,9,5,12,13,9,8,8,10,5,6,2,9,9,6,9,5,12,6,4,5,3,4,2,6,7,3,3,4,7,2,5
" ","19 år",13,18,15,16,14,14,15,14,14,13,16,18,7,17,11,13,16,18,19,9,13,9,15,8,8,8,7,10,3,9,7,4,5,11,6,6,6,3,4,4,6,9,7,8,7,5,7,6,6
" ","20 år",15,10,18,15,17,9,14,18,15,13,11,15,15,17,17,8,11,9,13,19,17,10,13,11,7,11,4,6,7,11,8,3,5,4,4,8,5,6,4,7,7,10,3,5,6,8,9,5,3
" ","21 år",17,12,23,16,12,13,19,8,18,20,16,12,11,11,13,10,13,12,6,10,14,8,10,9,6,8,9,8,9,8,5,6,4,5,8,10,13,8,5,9,2,11,7,3,5,8,9,7,3
" ","22 år",13,14,18,16,18,30,18,11,10,10,16,9,10,23,4,18,14,19,16,12,10,15,10,6,9,5,7,11,12,3,2,8,7,3,7,7,5,3,9,8,6,9,6,6,6,8,4,6,8
" ","23 år",8,10,20,19,15,10,16,21,13,12,17,13,25,11,22,15,14,7,9,9,16,9,10,9,13,11,10,5,8,9,7,4,6,6,13,12,8,4,6,10,6,10,7,3,6,6,3,13,5
" ","24 år",15,21,9,18,18,16,14,10,19,17,16,15,15,19,22,21,8,10,9,16,14,10,10,11,10,11,9,12,11,15,3,6,8,9,2,6,8,6,9,6,7,9,4,2,8,9,6,9,8
" ","25 år",21,17,17,17,17,18,15,21,19,14,21,21,15,15,12,10,13,14,9,11,20,9,10,11,10,9,7,11,11,12,13,8,10,7,9,1,4,4,8,4,3,10,6,6,8,5,12,8,12
" ","26 år",8,20,14,17,22,18,22,21,14,21,13,12,14,21,10,13,13,14,15,17,13,11,8,11,7,15,10,9,10,5,8,10,6,7,11,6,3,6,7,4,8,8,8,6,11,7,9,4,9
" ","27 år",20,20,16,9,24,22,22,27,16,18,16,20,16,19,22,15,21,22,19,17,18,14,16,12,10,22,14,17,10,9,7,3,9,7,10,5,6,8,7,4,6,8,9,5,6,8,8,11,6
" ","28 år",24,18,13,25,14,15,19,14,18,21,16,15,20,16,17,14,19,15,19,19,12,20,15,12,15,11,13,10,10,5,8,10,12,10,9,14,7,10,10,8,6,9,7,10,9,7,13,7,7
" ","29 år",22,26,19,27,15,27,20,26,29,11,14,21,22,25,21,24,21,21,24,16,20,30,19,16,23,14,12,16,15,16,19,13,16,8,13,5,5,10,7,9,7,11,10,7,8,18,6,7,6
" ","30 år",16,26,36,22,25,28,19,19,24,28,20,31,17,20,23,22,25,13,14,19,16,14,21,18,24,15,7,8,15,12,13,12,4,18,14,6,14,10,9,14,10,4,10,10,6,8,9,15,8
" ","31 år",27,29,27,22,24,33,35,28,25,32,27,20,19,24,17,15,30,27,14,24,16,18,27,16,20,16,20,16,20,11,11,11,14,14,16,9,9,13,10,9,8,12,6,14,14,13,11,11,13
" ","32 år",26,35,28,35,30,22,28,26,33,21,30,23,32,28,30,17,19,29,19,28,31,24,19,27,30,17,17,22,22,14,16,13,14,18,10,16,15,19,3,10,14,14,3,7,10,13,9,12,18
" ","33 år",24,30,32,25,37,38,23,31,30,32,33,30,34,38,32,24,14,21,22,29,30,27,23,25,21,22,25,15,14,20,14,11,14,13,14,17,5,8,10,16,5,12,14,18,9,11,7,10,11
" ","34 år",29,34,35,25,40,37,37,40,36,43,24,28,26,34,23,25,29,29,24,23,33,36,19,27,24,19,22,27,20,21,15,19,19,16,18,14,14,10,18,9,14,8,6,12,12,11,10,16,10
" ","35 år",26,38,32,32,44,37,35,45,33,39,31,38,34,27,38,32,32,29,36,24,38,23,37,34,23,24,32,27,31,15,29,23,31,22,24,15,24,15,8,11,12,11,9,12,15,9,14,13,19
" ","36 år",29,31,30,22,37,50,36,44,42,43,44,40,29,38,34,28,31,47,40,29,38,41,31,30,26,38,35,29,25,34,18,22,14,32,27,22,12,13,9,12,19,19,11,15,13,12,14,8,15
" ","37 år",41,27,26,45,36,40,52,36,51,48,47,34,35,21,41,49,52,41,51,41,43,42,27,33,38,23,33,34,28,29,26,19,18,26,18,18,9,14,25,18,15,15,21,17,7,14,10,11,16
" ","38 år",43,38,41,37,30,48,56,61,46,62,55,47,49,47,47,36,38,39,35,43,41,37,42,36,42,35,41,45,38,29,32,32,24,29,16,17,19,20,21,20,12,17,23,23,29,20,18,11,18
" ","39 år",45,28,41,44,49,66,44,54,54,61,68,56,43,57,62,54,40,58,50,41,52,50,47,46,47,41,41,45,30,45,36,33,31,35,30,24,23,19,26,32,19,22,21,25,13,18,15,22,16
" ","40 år",43,50,48,57,49,53,50,42,54,44,56,68,50,38,55,67,49,46,63,48,48,46,56,60,43,50,39,36,33,43,37,43,37,42,30,34,27,22,35,22,26,24,26,33,18,29,17,18,19
" ","41 år",46,52,47,39,45,71,43,45,73,66,74,74,79,83,60,65,70,69,70,69,61,58,62,54,56,47,42,49,41,48,37,43,36,45,39,33,28,27,38,35,27,21,22,30,14,18,29,21,24
" ","42 år",59,58,64,63,47,64,65,55,43,68,51,69,72,78,73,61,51,74,60,54,57,76,57,69,56,42,63,69,61,42,47,54,51,50,55,43,31,39,35,30,33,27,28,31,26,27,27,24,23
" ","43 år",74,54,67,66,73,61,73,75,67,64,77,98,79,78,107,72,80,71,76,68,75,55,75,50,58,58,66,39,47,57,51,53,54,48,49,45,39,38,32,31,40,36,30,28,31,21,27,25,20
" ","44 år",64,90,76,69,64,78,70,64,68,81,77,93,83,104,115,100,80,73,82,72,95,81,84,77,73,58,66,70,52,63,58,69,62,63,41,60,64,53,34,39,39,38,38,33,31,38,29,30,21
" ","45 år",85,93,75,69,73,94,88,78,93,80,73,78,82,90,87,91,96,87,105,82,85,82,92,84,65,69,76,63,79,82,72,58,65,48,72,73,67,43,57,47,33,41,48,38,45,36,47,30,41
" ","46 år",74,95,78,93,73,91,82,79,71,85,84,77,85,107,111,112,97,110,109,108,112,85,92,75,95,80,71,89,74,64,77,59,79,63,59,75,78,56,48,36,40,46,41,46,24,42,47,31,29
" ","47 år",93,105,94,93,80,99,85,81,103,88,98,85,89,90,96,121,121,99,110,117,113,114,105,80,101,95,89,85,67,79,79,73,93,100,78,63,76,80,57,57,59,55,46,54,54,36,46,41,46
" ","48 år",123,114,92,93,111,107,119,95,103,98,120,114,103,112,96,111,122,110,113,173,124,126,92,87,107,100,120,94,112,93,75,89,98,71,83,68,75,90,66,91,84,74,56,50,48,55,47,48,60
" ","49 år",127,108,98,101,120,108,125,108,108,114,105,93,126,115,119,99,118,130,123,142,139,135,133,114,115,117,102,114,133,110,110,79,88,90,91,101,91,81,68,87,77,64,67,56,51,57,60,60,59
" ","50 år",140,134,118,117,129,113,94,124,103,111,137,116,96,110,129,136,108,123,138,168,164,151,157,122,135,115,133,110,127,99,95,98,101,106,85,102,104,83,75,76,100,87,72,79,65,57,72,73,53
" ","51 år",155,136,135,128,120,128,121,141,136,126,127,129,131,131,121,127,138,137,146,158,166,170,172,146,138,131,127,122,98,126,120,114,125,120,92,104,93,100,101,93,89,95,109,72,67,74,66,71,61
" ","52 år",133,150,126,142,147,156,156,134,151,130,158,140,180,135,153,154,137,142,152,144,181,168,149,157,148,152,144,137,133,135,143,156,136,124,137,124,104,117,100,94,88,122,99,107,111,85,73,76,67
" ","53 år",167,184,168,152,156,170,169,159,160,181,153,163,168,143,142,151,134,130,147,143,161,168,185,175,193,171,161,157,156,136,159,135,158,139,137,132,102,120,127,121,101,97,116,102,117,96,93,92,94
" ","54 år",190,192,158,194,165,167,174,165,148,188,169,176,170,166,178,181,164,175,169,158,145,157,195,172,191,209,176,171,161,179,168,154,151,143,152,141,157,142,116,125,136,128,113,122,121,106,106,101,92
" ","55 år",188,213,200,188,165,198,186,180,167,174,193,163,189,208,182,167,170,177,170,175,177,192,193,182,205,193,216,196,190,177,183,146,161,170,200,150,142,151,144,138,152,132,126,147,105,105,144,105,104
" ","56 år",197,226,219,192,198,195,200,206,196,202,200,230,211,177,214,205,189,187,184,188,179,155,215,209,198,203,202,241,232,195,152,181,199,178,184,179,164,175,150,133,144,127,119,138,120,127,123,128,136
" ","57 år",229,207,243,223,232,196,233,209,226,198,221,204,213,186,198,225,194,208,217,229,203,197,191,194,203,226,257,224,222,210,195,213,190,178,163,177,177,178,162,149,141,154,164,146,138,147,158,170,133
" ","58 år",214,244,200,236,245,270,256,236,251,214,233,229,247,231,234,258,235,224,222,187,212,201,196,172,214,229,236,251,261,225,220,240,216,216,186,203,202,165,193,154,178,171,148,170,143,145,165,154,144
" ","59 år",235,240,221,249,271,271,256,242,264,249,256,269,260,266,233,242,244,227,232,219,249,225,199,242,232,220,240,221,225,276,277,257,233,221,201,205,179,198,198,182,184,199,164,178,173,182,177,161,189
" ","60 år",272,273,262,270,248,292,281,271,262,293,274,289,250,292,247,249,283,228,274,257,287,251,245,259,234,225,216,247,265,282,304,274,283,269,223,210,228,213,215,181,212,212,164,203,174,187,182,182,171
" ","61 år",285,286,238,281,293,287,283,320,307,299,308,313,307,277,282,268,284,313,279,268,273,281,243,264,274,252,225,242,262,266,287,319,325,269,268,269,222,208,225,229,225,221,227,215,223,209,188,214,196
" ","62 år",305,326,288,265,280,306,303,352,384,335,334,357,307,313,291,308,289,308,307,288,295,301,300,270,294,307,251,277,256,253,320,347,320,325,296,286,255,262,232,273,269,245,226,221,227,222,215,198,207
" ","63 år",333,336,316,311,352,307,358,323,337,311,377,353,342,348,335,345,335,340,326,312,318,337,348,305,322,294,315,269,268,271,277,278,345,346,367,313,297,247,285,275,242,291,240,240,243,267,224,254,217
" ","64 år",337,367,370,358,389,353,317,394,359,425,360,392,358,371,360,377,361,359,376,332,380,340,323,358,330,340,304,300,270,294,265,286,316,325,371,375,345,333,265,286,280,272,250,247,272,258,280,239,249
" ","65 år",393,362,398,365,357,381,361,359,392,354,404,456,386,421,422,410,424,379,430,385,387,394,348,360,327,345,350,316,329,314,286,286,349,356,386,402,375,376,321,309,326,304,282,317,299,262,295,307,272
" ","66 år",410,460,392,412,406,414,427,375,384,414,377,452,459,464,418,401,409,439,405,420,420,392,400,398,397,420,371,378,298,321,301,368,326,354,400,393,366,390,337,358,342,306,298,343,322,330,319,346,340
" ","67 år",454,494,414,451,422,442,443,409,429,414,407,411,475,532,460,464,420,452,445,462,447,473,493,441,447,406,383,407,369,367,361,345,313,345,352,375,356,413,378,390,357,367,329,354,348,306,358,401,329
" ","68 år",474,467,452,446,463,468,453,487,439,473,419,469,463,563,515,488,492,497,504,528,513,431,437,433,447,405,411,435,401,355,377,386,363,360,359,377,388,420,440,474,385,390,343,380,374,370,342,418,375
" ","69 år",473,543,482,544,508,520,557,503,482,548,471,504,461,451,559,567,527,491,546,519,595,539,516,516,471,482,494,401,461,430,395,416,387,400,405,367,381,417,443,441,464,462,414,371,373,406,385,403,371
" ","70 år",506,586,521,570,582,570,543,554,564,582,560,515,526,535,529,580,602,581,561,587,577,560,539,551,542,510,471,488,460,446,440,439,444,392,406,411,388,429,428,463,491,492,491,443,421,418,402,410,452
" ","71 år",579,644,541,592,622,626,552,575,630,589,621,612,574,569,601,559,658,665,649,572,646,598,577,570,518,564,509,526,520,474,486,462,485,451,403,391,413,431,401,468,496,508,569,518,447,446,493,500,439
" ","72 år",602,625,604,617,646,643,653,637,609,617,668,644,604,564,588,649,612,703,751,684,635,648,636,600,597,566,557,567,556,532,468,467,510,517,482,498,470,423,458,416,524,530,531,574,559,499,504,534,470
" ","73 år",623,649,620,628,697,649,699,699,715,689,709,640,681,650,650,655,655,665,746,724,725,647,721,671,621,628,610,609,594,568,539,541,529,490,496,549,512,491,464,481,528,538,579,625,607,602,568,555,523
" ","74 år",674,747,649,647,660,718,718,674,714,770,764,702,699,742,647,689,711,708,729,757,790,727,657,718,710,668,644,623,630,592,583,579,501,518,551,508,518,531,537,488,475,541,538,618,639,639,662,625,550
" ","75 år",700,761,751,756,725,680,698,762,802,740,762,773,701,842,796,784,714,742,755,726,882,848,773,760,731,718,725,701,648,587,653,617,608,611,575,566,558,542,535,543,493,546,584,626,699,730,714,786,701
" ","76 år",825,745,744,756,770,799,820,780,793,832,837,840,857,842,816,827,796,765,844,817,778,874,865,832,807,792,768,781,711,701,629,638,657,624,601,612,630,564,594,583,540,570,573,649,675,735,745,814,806
" ","77 år",735,868,769,808,843,797,860,904,807,838,839,878,889,859,835,894,875,853,846,862,854,833,905,872,878,799,821,810,744,707,702,703,653,699,681,622,631,657,597,625,630,604,607,639,627,750,817,859,880
" ","78 år",823,843,833,823,841,874,894,834,864,885,893,931,911,904,928,937,949,877,921,860,890,891,814,928,924,892,920,857,828,800,740,740,729,676,777,728,640,659,664,631,619,701,632,698,656,689,827,852,869
" ","79 år",859,896,772,866,893,940,893,917,912,913,955,959,950,990,1008,987,952,1028,1083,955,956,881,907,804,992,935,891,930,841,826,827,862,772,748,751,801,712,697,692,676,683,691,726,737,686,668,761,902,905
" ","80 år",829,881,857,840,910,904,949,955,996,952,985,1010,983,966,1041,1074,992,1010,1028,1044,1034,950,960,971,947,1011,1003,977,949,893,872,829,825,804,828,797,764,778,726,695,763,719,704,745,750,815,856,866,907
" ","81 år",808,889,779,912,920,932,1012,963,984,930,966,993,969,1047,1003,1098,1104,1058,1175,1052,1117,1074,926,946,989,944,1011,1073,1014,919,908,928,967,886,832,812,747,771,803,725,744,742,776,836,787,805,780,934,926
" ","82 år",810,859,796,926,896,954,890,942,1014,1012,1051,1012,1007,1017,1041,1064,1121,1103,1195,1131,1153,1129,1079,1005,1035,1012,955,1104,1084,999,943,977,1031,882,899,905,842,913,828,785,787,798,842,865,840,810,886,899,939
" ","83 år",775,855,783,837,902,969,956,977,1021,1007,1067,1024,1061,1055,1042,1100,1140,1202,1219,1157,1207,1174,1102,1017,1082,1000,1080,1024,1151,1096,1052,987,1002,960,964,930,879,896,849,844,883,841,848,896,868,927,893,955,924
" ","84 år",739,842,796,803,850,948,966,945,946,949,976,1043,1063,1028,1114,1143,1145,1164,1241,1196,1236,1142,1264,1057,1102,1008,1041,1055,1037,1105,1122,1026,1026,967,994,967,936,942,879,850,862,899,883,840,920,891,1037,1070,970
" ","85 år",728,776,752,798,850,866,960,942,956,937,1011,1004,1023,1072,1061,1102,1091,1230,1197,1222,1213,1194,1160,1112,1146,1104,1085,1079,1086,977,1063,1165,1154,1030,1049,1059,962,917,911,830,859,885,929,870,898,945,957,1028,1052
" ","86 år",651,721,700,740,785,843,831,846,936,923,999,932,990,986,1034,1055,1062,1146,1206,1097,1276,1175,1109,1114,1137,1095,1139,1102,1012,1003,993,1152,1159,1047,1091,1028,995,933,890,883,940,906,934,945,977,946,1080,1021,1066
" ","87 år",639,670,634,702,739,745,802,822,808,912,927,939,930,968,975,1037,995,1052,1143,1206,1193,1151,1166,1083,1116,1200,1109,1203,1132,1027,1029,967,1201,1138,1129,1122,1032,991,1012,945,958,980,939,1002,926,983,1034,1090,1032
" ","88 år",566,647,544,660,643,661,699,734,789,850,906,818,856,881,913,1043,1075,993,1090,1038,1140,1043,1188,1045,1159,1068,1135,1160,1070,1006,1026,1038,1051,1071,1100,1105,958,1004,1070,960,966,968,928,988,997,938,1041,1074,1076
" ","89 år",483,545,517,561,609,628,629,644,749,704,756,794,796,859,873,952,847,996,1010,965,980,981,1003,980,1085,1057,1065,1160,1065,998,983,1070,1040,988,1107,1089,1039,917,1056,984,965,955,1008,992,915,901,993,1061,1008
" ","90 år",434,446,478,520,517,573,592,577,609,694,672,695,724,752,763,782,790,952,948,895,931,948,869,932,1023,979,1041,1073,1098,946,980,909,939,964,970,1036,985,1026,975,925,976,1010,965,1063,948,917,936,1063,998
" ","91 år",357,441,353,412,410,456,501,456,565,532,644,588,642,693,675,675,695,763,791,801,869,852,869,856,884,894,944,885,935,942,941,921,937,884,863,882,900,933,977,957,950,924,945,966,906,914,904,997,986
" ","92 år",265,341,316,308,345,428,380,386,462,500,497,485,533,554,625,634,653,642,696,679,754,685,731,734,808,780,887,926,901,885,841,856,850,808,786,805,849,899,902,869,891,861,914,910,892,887,883,879,893
" ","93 år",182,232,227,262,290,299,340,315,352,348,388,410,466,461,527,509,526,581,588,598,621,618,598,626,642,685,690,717,736,696,753,706,746,755,746,735,751,670,861,846,873,771,874,820,779,809,840,853,848
" ","94 år",145,197,187,183,249,240,239,217,255,286,338,312,334,343,379,429,438,409,510,500,549,540,513,547,563,553,612,647,604,632,624,669,615,687,672,582,656,606,649,677,781,729,697,782,746,772,802,768,736
" ","95 år",132,152,129,144,180,191,175,169,221,235,247,245,249,300,310,294,338,347,351,350,421,389,430,404,459,424,492,482,485,514,523,510,547,555,564,544,517,526,558,511,627,642,642,631,661,623,696,675,643
" ","96 år",92,94,90,101,115,105,153,152,179,163,177,175,177,209,251,254,260,294,308,285,305,296,326,296,332,372,369,383,373,410,474,413,438,434,466,465,474,466,427,445,449,542,574,531,508,486,574,610,543
" ","97 år",75,60,59,76,95,88,91,96,114,119,123,109,122,172,158,189,169,186,214,202,235,217,237,222,267,256,255,310,284,289,296,345,315,355,339,357,370,359,383,344,357,384,393,488,387,385,468,455,454
" ","98 år",40,45,47,45,59,72,53,60,89,64,87,90,103,99,105,111,119,130,161,133,165,169,159,160,171,215,191,234,234,212,221,222,243,274,279,237,252,256,278,269,310,270,303,353,358,338,360,360,397
" ","99 år og derover",60,79,63,88,86,102,93,135,138,123,142,152,172,175,218,239,205,242,268,270,311,312,265,280,329,345,351,396,417,387,440,468,468,488,522,590,599,594,611,608,639,677,719,691,736,742,783,801,777

